code,value
N20000001,0.369495181
N20000002,0.475150048
N20000003,0.466347465
N20000004,0.444396176
N20000005,0.457872553
N20000006,0.420197006
N20000007,0.40885614
N20000008,0.466353735
N20000009,0.464063559
N20000010,0.467632313
N20000011,0.466346154
N20000012,0.466346154
N20000013,0.541347333
N20000014,0.466346154
N20000015,0.415584416
N20000016,0.466346154
N20000017,0.466346154
N20000018,0.466346154
N20000019,0.466346154
N20000020,0.466346154
N20000021,0.466346154
N20000022,0.415584416
N20000023,0.466346154
N20000024,0.415625176
N20000025,0.554817276
N20000026,0.454665949
N20000027,0.554817276
N20000028,0.444600545
N20000029,0.504098998
N20000030,0.372935372
N20000031,0.352426735
N20000032,0.462014884
N20000033,0.428571165
N20000034,0.441930183
N20000035,0.554817276
N20000036,0.554817276
N20000037,0.554817276
N20000038,0.554817276
N20000039,0.554817276
N20000040,0.554817276
N20000041,0.554817276
N20000042,0.554817276
N20000043,0.554817276
N20000044,0.548592708
N20000045,0.554817276
N20000046,0.554817276
N20000047,0.554817276
N20000048,0.554817276
N20000049,0.554817276
N20000050,0.554817276
N20000051,0.554817276
N20000052,0.549252002
N20000053,0.554817276
N20000054,0.554817276
N20000055,0.554817276
N20000056,0.554817276
N20000057,0.554817276
N20000058,0.554817276
N20000059,0.554817276
N20000060,0.554817276
N20000061,0.554817276
N20000062,0.554817276
N20000063,0.544461835
N20000064,0.554817276
N20000065,0.554817276
N20000066,0.554817276
N20000067,0.554817276
N20000068,0.554817276
N20000069,0.554817276
N20000070,0.554817276
N20000071,0.554817276
N20000072,0.554817276
N20000073,0.554669079
N20000074,0.554817276
N20000075,0.554817276
N20000076,0.536187904
N20000077,0.442857143
N20000078,0.554817276
N20000079,0.554817276
N20000080,0.547720096
N20000081,0.442857143
N20000082,0.554817276
N20000083,0.442857143
N20000084,0.453264447
N20000085,0.554740915
N20000086,0.459259259
N20000087,0.463558661
N20000088,0.459259259
N20000089,0.45930428
N20000090,0.459052134
N20000091,0.474945534
N20000092,0.459187806
N20000093,0.459259259
N20000094,0.459402032
N20000095,0.459259259
N20000096,0.471032178
N20000097,0.459259259
N20000098,0.459259259
N20000099,0.471193486
N20000100,0.462912064
N20000101,0.459259259
N20000102,0.459259259
N20000103,0.459259259
N20000104,0.459259259
N20000105,0.459259259
N20000106,0.459283182
N20000107,0.46051695
N20000108,0.459278981
N20000109,0.459259259
N20000110,0.459309469
N20000111,0.459259259
N20000112,0.459259259
N20000113,0.602616341
N20000114,0.459259259
N20000115,0.471486434
N20000116,0.459823001
N20000117,0.461007747
N20000118,0.459459459
N20000119,0.473101587
N20000120,0.566581454
N20000121,0.599103748
N20000122,0.44745582
N20000123,0.379740533
N20000124,0.665721275
N20000125,0.627921244
N20000126,0.627906977
N20000127,0.628515837
N20000128,0.627906977
N20000129,0.628185432
N20000130,0.627908804
N20000131,0.627906977
N20000132,0.627906977
N20000133,0.627906977
N20000134,0.627906977
N20000135,0.627907486
N20000136,0.627906977
N20000137,0.627906977
N20000138,0.627906977
N20000139,0.627906977
N20000140,0.670417879
N20000141,0.627906977
N20000142,0.627906977
N20000143,0.627906977
N20000144,0.627906977
N20000145,0.627906977
N20000146,0.627906977
N20000147,0.627906977
N20000148,0.627906977
N20000149,0.627906977
N20000150,0.627906977
N20000151,0.627906977
N20000152,0.665273812
N20000153,0.627906977
N20000154,0.627906977
N20000155,0.627906977
N20000156,0.627906977
N20000157,0.627906977
N20000158,0.627906977
N20000159,0.627906977
N20000160,0.627906977
N20000161,0.627906977
N20000162,0.627906977
N20000163,0.627906977
N20000164,0.627906977
N20000165,0.627906977
N20000166,0.627906977
N20000167,0.627906977
N20000168,0.627906977
N20000169,0.627906977
N20000170,0.627906977
N20000171,0.627906977
N20000172,0.627906977
N20000173,0.627906977
N20000174,0.627906977
N20000175,0.627906977
N20000176,0.627906977
N20000177,0.627906977
N20000178,0.627906977
N20000179,0.627906977
N20000180,0.627906977
N20000181,0.627906977
N20000182,0.627906977
N20000183,0.627906977
N20000184,0.627906977
N20000185,0.627906977
N20000186,0.627906977
N20000187,0.627906977
N20000188,0.627906977
N20000189,0.627906977
N20000190,0.627906977
N20000191,0.627906977
N20000192,0.627906977
N20000193,0.627906977
N20000194,0.627906977
N20000195,0.627906977
N20000196,0.627906977
N20000197,0.627906977
N20000198,0.627906977
N20000199,0.627906977
N20000200,0.627906977
N20000201,0.627906977
N20000202,0.627906977
N20000203,0.627906977
N20000204,0.627906977
N20000205,0.627906977
N20000206,0.627906977
N20000207,0.627906977
N20000208,0.624737712
N20000209,0.627906977
N20000210,0.623567999
N20000211,0.627906977
N20000212,0.627906977
N20000213,0.627906977
N20000214,0.627906977
N20000215,0.627906977
N20000216,0.627906977
N20000217,0.627906977
N20000218,0.627906977
N20000219,0.627906977
N20000220,0.627906977
N20000221,0.627906977
N20000222,0.627906977
N20000223,0.627906977
N20000224,0.627906977
N20000225,0.627906977
N20000226,0.627906977
N20000227,0.619028615
N20000228,0.626528167
N20000229,0.627906977
N20000230,0.627906977
N20000231,0.627906977
N20000232,0.622559175
N20000233,0.627906977
N20000234,0.620510134
N20000235,0.627906977
N20000236,0.627906977
N20000237,0.627906977
N20000238,0.627906977
N20000239,0.62051384
N20000240,0.627906977
N20000241,0.620577382
N20000242,0.627906977
N20000243,0.627906977
N20000244,0.627906977
N20000245,0.627906977
N20000246,0.627906977
N20000247,0.627906977
N20000248,0.620758553
N20000249,0.627906977
N20000250,0.627906977
N20000251,0.620508326
N20000252,0.621062061
N20000253,0.627906977
N20000254,0.627906977
N20000255,0.620508326
N20000256,0.621057066
N20000257,0.37962963
N20000258,0.383960114
N20000259,0.37962963
N20000260,0.37962963
N20000261,0.388515297
N20000262,0.521768271
N20000263,0.430645157
N20000264,0.442898128
N20000265,0.465046976
N20000266,0.37962963
N20000267,0.421730974
N20000268,0.395785824
N20000269,0.37962963
N20000270,0.618274031
N20000271,0.38212665
N20000272,0.37962963
N20000273,0.620508326
N20000274,0.333336664
N20000275,0.380304194
N20000276,0.619216298
N20000277,0.620508326
N20000278,0.386520641
N20000279,0.316666667
N20000280,0.319312147
N20000281,0.316828384
N20000282,0.316714589
N20000283,0.317021911
N20000284,0.317180617
N20000285,0.370017075
N20000286,0.317180617
N20000287,0.317180617
N20000288,0.317180617
N20000289,0.317180617
N20000290,0.317180617
N20000291,0.317180617
N20000292,0.317180617
N20000293,0.317133541
N20000294,0.317180617
N20000295,0.582707614
N20000296,0.579990956
N20000297,0.470846118
N20000298,0.468296918
N20000299,0.11122505
N20000300,0.226646131
N20000301,0.113322687
N20000302,0.468087843
N20000303,0.456958577
N20000304,0.457610721
N20000305,0.182984721
N20000306,0.512590774
N20000307,0.459263084
N20000308,0.455696203
N20000309,0.455696203
N20000310,0.299250472
N20000311,0.451714652
N20000312,0.455696203
N20000313,0.455696203
N20000314,0.456065409
N20000315,0.455696203
N20000316,0.455696203
N20000317,0.455897265
N20000318,0.455696203
N20000319,0.455696203
N20000320,0.455696203
N20000321,0.455696203
N20000322,0.455696203
N20000323,0.455696203
N20000324,0.455696203
N20000325,0.455696203
N20000326,0.455696203
N20000327,0.455696203
N20000328,0.455696203
N20000329,0.455696203
N20000330,0.455696203
N20000331,0.457654847
N20000332,0.455958971
N20000333,0.458152943
N20000334,0.476693972
N20000335,0.583333333
N20000336,0.583333333
N20000337,0.583333333
N20000338,0.263679458
N20000339,0.560474511
N20000340,0.417532693
N20000341,0.483884196
N20000342,0.417582418
N20000343,0.461955145
N20000344,0.135587093
N20000345,0
N20000346,0.270627255
N20000347,0.340587702
N20000348,0
N20000349,0
N20000350,0
N20000351,0
N20000352,0
N20000353,0
N20000354,0
N20000355,8.97E-05
N20000356,0.125
N20000357,0.116169978
N20000358,0.127697198
N20000359,0.125
N20000360,0.191959175
N20000361,0.132832373
N20000362,0.386684336
N20000363,0.248993973
N20000364,0.218114136
N20000365,0.229267558
N20000366,0.215835468
N20000367,0.522697315
N20000368,0.229268293
N20000369,0.554999358
N20000370,0.229268293
N20000371,0.229268293
N20000372,0.229268293
N20000373,0.229268293
N20000374,0.229268293
N20000375,0.229268293
N20000376,0.229268293
N20000377,0.12032956
N20000378,0.229268293
N20000379,0.229268293
N20000380,0.229268293
N20000381,0.229268293
N20000382,0.229268293
N20000383,0.302655005
N20000384,0.076923077
N20000385,0.229268293
N20000386,0.229268293
N20000387,0.229268293
N20000388,0.229268293
N20000389,0.229268293
N20000390,0.229268293
N20000391,0.229268293
N20000392,0.076923077
N20000393,0.223751626
N20000394,0.229268293
N20000395,0.229268293
N20000396,0.229268293
N20000397,0.094342014
N20000398,0.229268293
N20000399,0.229268293
N20000400,0.229268293
N20000401,0.517655587
N20000402,0.229268293
N20000403,0.229268293
N20000404,0.229268293
N20000405,0.229268293
N20000406,0.229268293
N20000407,0.229268293
N20000408,0.565693431
N20000409,0.229268293
N20000410,0.229268293
N20000411,0.229268293
N20000412,0.229268293
N20000413,0.229268293
N20000414,0.229268293
N20000415,0.229268293
N20000416,0.495852162
N20000417,0.229268293
N20000418,0.547359094
N20000419,0.249595337
N20000420,0.246078683
N20000421,0.000217516
N20000422,0
N20000423,0
N20000424,0.024976973
N20000425,0.604147977
N20000426,0.076923077
N20000427,0.076923077
N20000428,0.655860719
N20000429,0.666216216
N20000430,0.076923077
N20000431,0.666216216
N20000432,0.666207987
N20000433,0.50168384
N20000434,0.662070304
N20000435,0.666083195
N20000436,0.076923077
N20000437,0.606616716
N20000438,0.076923077
N20000439,0.661763508
N20000440,0.076923077
N20000441,0.076923077
N20000442,0.651511458
N20000443,0.076923077
N20000444,0.076923077
N20000445,0.076923077
N20000446,0.076923077
N20000447,0.076923077
N20000448,0.076923077
N20000449,0.076923077
N20000450,0.076923077
N20000451,0.076923077
N20000452,0.076923077
N20000453,0.076923077
N20000454,0.076923077
N20000455,0.076923077
N20000456,0.076923077
N20000457,0.076923077
N20000458,0.134172905
N20000459,0.076923077
N20000460,0.076923077
N20000461,0.076923077
N20000462,0.076923077
N20000463,0.076923077
N20000464,0.076923077
N20000465,0.142011834
N20000466,0.076923077
N20000467,0.142011834
N20000468,0.076923077
N20000469,0.076923077
N20000470,0.076923077
N20000471,0.076923077
N20000472,0.076923077
N20000473,0.142015879
N20000474,0.136661931
N20000475,0.077134022
N20000476,0.397088544
N20000477,0.264957265
N20000478,0.264962921
N20000479,0.264957265
N20000480,0.264957265
N20000481,0.638008254
N20000482,0.572249816
N20000483,0.662646396
N20000484,0.602779873
N20000485,0.666216216
N20000486,0.666178717
N20000487,0.666216216
N20000488,0.634622896
N20000489,0.666216216
N20000490,0.666216216
N20000491,0.666216216
N20000492,0.666216216
N20000493,0.666211019
N20000494,0.666216216
N20000495,0.648743119
N20000496,0.657709131
N20000497,0.076923077
N20000498,0.666216216
N20000499,0.660537357
N20000500,0.666216216
N20000501,0.525423729
N20000502,0.525423729
N20000503,0.666216216
N20000504,0.666216216
N20000505,0.666216216
N20000506,0.666216216
N20000507,0.525423729
N20000508,0.666216216
N20000509,0.666216216
N20000510,0.525423729
N20000511,0.666216216
N20000512,0.666216216
N20000513,0.525423729
N20000514,0.652118811
N20000515,0.666216216
N20000516,0.666216216
N20000517,0.525423729
N20000518,0.525423729
N20000519,0.666216216
N20000520,0.525423729
N20000521,0.525416378
N20000522,0.666163045
N20000523,0.666216216
N20000524,0.666216216
N20000525,0.666216216
N20000526,0.666216216
N20000527,0.666216216
N20000528,0.666216216
N20000529,0.666216216
N20000530,0.666147093
N20000531,0.636463469
N20000532,0.666216216
N20000533,0.666216216
N20000534,0.666216216
N20000535,0.666216216
N20000536,0.666216216
N20000537,0.666216216
N20000538,0.666216216
N20000539,0.666216216
N20000540,0.666216216
N20000541,0.666216216
N20000542,0.666216216
N20000543,0.666216216
N20000544,0.666216216
N20000545,0.666216216
N20000546,0.666216216
N20000547,0.666216216
N20000548,0.666216216
N20000549,0.666210765
N20000550,0.666216216
N20000551,0.527712243
N20000552,0.421487603
N20000553,0.5829107
N20000554,0.421487603
N20000555,0.421487603
N20000556,0.421487603
N20000557,0.421487603
N20000558,0.421487603
N20000559,0.479303343
N20000560,0.564355243
N20000561,0.421487603
N20000562,0.51475382
N20000563,0.564355432
N20000564,0.421487603
N20000565,0.564356436
N20000566,0.564356436
N20000567,0.421487603
N20000568,0.564356436
N20000569,0.326865765
N20000570,0.564356436
N20000571,0.564356436
N20000572,0.421487603
N20000573,0.564356436
N20000574,0.564356436
N20000575,0.564356436
N20000576,0.564356436
N20000577,0.564356436
N20000578,0.564356436
N20000579,0.558508419
N20000580,0.329739679
N20000581,0.421487603
N20000582,0.55320819
N20000583,0.564356436
N20000584,0.487346043
N20000585,0.596757555
N20000586,0.596051771
N20000587,0.264734556
N20000588,0.567067792
N20000589,0.236826317
N20000590,0.028361769
N20000591,0.180224632
N20000592,0.242765026
N20000593,0.174391971
N20000594,0.142011624
N20000595,0.142030772
N20000596,0.142011834
N20000597,0.142011834
N20000598,0.142011834
N20000599,0.248020829
N20000600,0.142011834
N20000601,0.142011834
N20000602,0.142011834
N20000603,0.581294738
N20000604,0.581395349
N20000605,0.432596196
N20000606,0.196536127
N20000607,0.581395349
N20000608,0.581395349
N20000609,0.581395349
N20000610,0.581395349
N20000611,0.581395349
N20000612,0.581395349
N20000613,0.581395349
N20000614,0.548639843
N20000615,0.581395349
N20000616,0.581395349
N20000617,0.581395349
N20000618,0.581395349
N20000619,0.581395349
N20000620,0.581395349
N20000621,0.581395349
N20000622,0.581395349
N20000623,0.581395349
N20000624,0.581395349
N20000625,0.581395349
N20000626,0.581395349
N20000627,0.581395349
N20000628,0.581395349
N20000629,0.261916308
N20000630,0.581395349
N20000631,0.581395349
N20000632,0.581395349
N20000633,0.581395349
N20000634,0.581395349
N20000635,0.581395349
N20000636,0.581395349
N20000637,0.581395349
N20000638,0.581395349
N20000639,0.581395349
N20000640,0.581395349
N20000641,0.575986299
N20000642,0.480736049
N20000643,0.566201694
N20000644,0.470817121
N20000645,0.297328872
N20000646,0.470817121
N20000647,0.502381406
N20000648,0.39156031
N20000649,0.470817121
N20000650,0.020455984
N20000651,0.101203874
N20000652,0.379859762
N20000653,0.285197385
N20000654,0.672499338
N20000655,0.020584965
N20000656,0.024455456
N20000657,0.034247039
N20000658,0.051331538
N20000659,0.025
N20000660,0.105891125
N20000661,0.104862279
N20000662,0.132271626
N20000663,0.132352941
N20000664,0.502102856
N20000665,0.502109705
N20000666,0.502109705
N20000667,0.285637475
N20000668,0.502109705
N20000669,0.502109705
N20000670,0.285714286
N20000671,0.502109705
N20000672,0.579682663
N20000673,0.502109705
N20000674,0.51988105
N20000675,0.285714286
N20000676,0.49994049
N20000677,0.502109705
N20000678,0.672649672
N20000679,0.672897196
N20000680,0.672079392
N20000681,0.49849773
N20000682,0.672897196
N20000683,0.672897196
N20000684,0.672897196
N20000685,0.54928645
N20000686,0.672897196
N20000687,0.53960396
N20000688,0.459685576
N20000689,0.505859196
N20000690,0.53960396
N20000691,0.539421264
N20000692,0.670000338
N20000693,0.478185666
N20000694,0.653018737
N20000695,0.437111487
N20000696,0.5076823
N20000697,0.526095451
N20000698,0.214765101
N20000699,0.366894789
N20000700,0.214959501
N20000701,0.417802551
N20000702,0.338773849
N20000703,0.229288533
N20000704,0.583333333
N20000705,0
N20000706,0.380265571
N20000707,0
N20000708,0.336745173
N20000709,0.210165167
N20000710,1.77E-06
N20000711,0.620501354
N20000712,0.620478763
N20000713,0.620508326
N20000714,0.620508326
N20000715,0.620508326
N20000716,0.620508326
N20000717,0.620508326
N20000718,0.620508326
N20000719,0.620508326
N20000720,0.620508326
N20000721,0.620508326
N20000722,0.620508326
N20000723,0.620508326
N20000724,0.620508326
N20000725,0.620508326
N20000726,0.620508326
N20000727,0.620508326
N20000728,0.620508326
N20000729,0.620508326
N20000730,0.620508326
N20000731,0.620508326
N20000732,0.620508326
N20000733,0.620508326
N20000734,0.620508326
N20000735,0.620508326
N20000736,0.620508326
N20000737,0.620508326
N20000738,0.620508326
N20000739,0.620508326
N20000740,0.620508326
N20000741,0.620508326
N20000742,0.620508326
N20000743,0.620508326
N20000744,0.620508326
N20000745,0.620508326
N20000746,0.620508326
N20000747,0.620508326
N20000748,0.620508326
N20000749,0.620508326
N20000750,0.620508326
N20000751,0.620508326
N20000752,0.620508326
N20000753,0.620508326
N20000754,0.620508326
N20000755,0.620508326
N20000756,0.620508326
N20000757,0.620508326
N20000758,0.620508326
N20000759,0.620508326
N20000760,0.620508326
N20000761,0.620508326
N20000762,0.620508326
N20000763,0.620508326
N20000764,0.620508326
N20000765,0.620508326
N20000766,0.620508326
N20000767,0.620508326
N20000768,0.620508326
N20000769,0.620508326
N20000770,0.620508326
N20000771,0.620508326
N20000772,0.620508326
N20000773,0.620508326
N20000774,0.620508326
N20000775,0.620508326
N20000776,0.620508326
N20000777,0.620508326
N20000778,0.620508326
N20000779,0.620508326
N20000780,0.620508326
N20000781,0.620508326
N20000782,0.620508326
N20000783,0.620508326
N20000784,0.620508326
N20000785,0.620508326
N20000786,0.620508326
N20000787,0.627901269
N20000788,0.627906977
N20000789,0.627885809
N20000790,0.627906977
N20000791,0.621127373
N20000792,0.620630932
N20000793,0.620624091
N20000794,0.620508326
N20000795,0.620508326
N20000796,0.620533504
N20000797,0.620508326
N20000798,0.620508326
N20000799,0.620508326
N20000800,0.620508326
N20000801,0.620508326
N20000802,0.620508326
N20000803,0.620508326
N20000804,0.620508326
N20000805,0.620508326
N20000806,0.620508326
N20000807,0.620508326
N20000808,0.620508326
N20000809,0.620508326
N20000810,0.620508326
N20000811,0.620508326
N20000812,0.620508326
N20000813,0.620508326
N20000814,0.620508326
N20000815,0.620508326
N20000816,0.620508326
N20000817,0.620508326
N20000818,0.620508326
N20000819,0.620508326
N20000820,0.620508326
N20000821,0.620508326
N20000822,0.620508326
N20000823,0.620508326
N20000824,0.620508326
N20000825,0.620508326
N20000826,0.620508326
N20000827,0.620508326
N20000828,0.620508326
N20000829,0.620508326
N20000830,0.620508326
N20000831,0.620508326
N20000832,0.620508326
N20000833,0.620508326
N20000834,0.620508326
N20000835,0.620508326
N20000836,0.620508326
N20000837,0.620508326
N20000838,0.620508326
N20000839,0.620508326
N20000840,0.620508326
N20000841,0.620508326
N20000842,0.620508326
N20000843,0.620508326
N20000844,0.620508326
N20000845,0.620508326
N20000846,0.620508326
N20000847,0.620508326
N20000848,0.620508326
N20000849,0.620508326
N20000850,0.620508326
N20000851,0.620508326
N20000852,0.620508326
N20000853,0.620508326
N20000854,0.620508326
N20000855,0.620508326
N20000856,0.700680272
N20000857,0.700680272
N20000858,0.700680272
N20000859,0.700680272
N20000860,0.700680272
N20000861,0.700680272
N20000862,0.700680272
N20000863,0.700680272
N20000864,0.700680272
N20000865,0.700680272
N20000866,0.700680272
N20000867,0.700680272
N20000868,0.700680272
N20000869,0.700680272
N20000870,0.700680272
N20000871,0.700680272
N20000872,0.700680272
N20000873,0.700680272
N20000874,0.700680272
N20000875,0.700680272
N20000876,0.700680272
N20000877,0.700680272
N20000878,0.700680272
N20000879,0.700680272
N20000880,0.700680272
N20000881,0.700680272
N20000882,0.700680272
N20000883,0.700680272
N20000884,0.700680272
N20000885,0.700680272
N20000886,0.700680272
N20000887,0.700680272
N20000888,0.700680272
N20000889,0.700680272
N20000890,0.700680272
N20000891,0.700680272
N20000892,0.700680272
N20000893,0.700680272
N20000894,0.700680272
N20000895,0.700680272
N20000896,0.700680272
N20000897,0.700680272
N20000898,0.700680272
N20000899,0.700680272
N20000900,0.700680272
N20000901,0.700680272
N20000902,0.700680272
N20000903,0.700680272
N20000904,0.700680272
N20000905,0.700680272
N20000906,0.700680272
N20000907,0.700680272
N20000908,0.700680272
N20000909,0.700680272
N20000910,0.700680272
N20000911,0.700680272
N20000912,0.689667161
N20000913,0.700680272
N20000914,0.700680272
N20000915,0.700680272
N20000916,0.700680272
N20000917,0.700680272
N20000918,0.695946722
N20000919,0.700680272
N20000920,0.700680272
N20000921,0.700680272
N20000922,0.700680272
N20000923,0.700680272
N20000924,0.668382921
N20000925,0.700680272
N20000926,0.700680272
N20000927,0.700680272
N20000928,0.700680272
N20000929,0.700680272
N20000930,0.700680272
N20000931,0.700680272
N20000932,0.700680272
N20000933,0.700680272
N20000934,0.617852427
N20000935,0.623982019
N20000936,0.700680272
N20000937,0.6296279
N20000938,0.700680272
N20000939,0.655672228
N20000940,0.700680272
N20000941,0.677560984
N20000942,0.575757576
N20000943,0.612649443
N20000944,0.575757576
N20000945,0.700680272
N20000946,0.700680272
N20000947,0.700680272
N20000948,0.700680272
N20000949,0.700680272
N20000950,0.700680272
N20000951,0.700680272
N20000952,0.700680272
N20000953,0.700680272
N20000954,0.700680272
N20000955,0.700620753
N20000956,0.700680272
N20000957,0.700680272
N20000958,0.700680272
N20000959,0.700680272
N20000960,0.643954911
N20000961,0.700680272
N20000962,0.700680272
N20000963,0.700680272
N20000964,0.700680272
N20000965,0.700680272
N20000966,0.700680272
N20000967,0.700680272
N20000968,0.700680272
N20000969,0.700680272
N20000970,0.700680272
N20000971,0.700680272
N20000972,0.700680272
N20000973,0.700680272
N20000974,0.700680272
N20000975,0.700680272
N20000976,0.700680272
N20000977,0.65922314
N20000978,0.700680272
N20000979,0.700680272
N20000980,0.627170159
N20000981,0.651466435
N20000982,0.700680272
N20000983,0.698671203
N20000984,0.700680272
N20000985,0.700680272
N20000986,0.575757576
N20000987,0.700680272
N20000988,0.69224676
N20000989,0.57578461
N20000990,0.700680272
N20000991,0.575757576
N20000992,0.575757576
N20000993,0.700680272
N20000994,0.700680272
N20000995,0.595390146
N20000996,0.575757576
N20000997,0.606543149
N20000998,0.575757576
N20000999,0.565036734
N20001000,0.580903614
N20001001,0.575757576
N20001002,0.575757576
N20001003,0.580253715
N20001004,0.575757576
N20001005,0.575757576
N20001006,0.575757576
N20001007,0.538029964
N20001008,0.575757576
N20001009,0.575757576
N20001010,0.575757576
N20001011,0.575757576
N20001012,0.575757576
N20001013,0.575757576
N20001014,0.575757576
N20001015,0.575757576
N20001016,0.575757576
N20001017,0.700680272
N20001018,0.615260985
N20001019,0.575757576
N20001020,0.588376939
N20001021,0.575757576
N20001022,0.575757576
N20001023,0.575757576
N20001024,0.575757576
N20001025,0.575757576
N20001026,0.575757576
N20001027,0.575757576
N20001028,0.575757576
N20001029,0.575757576
N20001030,0.575757576
N20001031,0.575757576
N20001032,0.575757576
N20001033,0.575757576
N20001034,0.575757576
N20001035,0.575757576
N20001036,0.575757576
N20001037,0.575757576
N20001038,0.575757576
N20001039,0.575757576
N20001040,0.575757576
N20001041,0.575757576
N20001042,0.575757576
N20001043,0.575757576
N20001044,0.575757576
N20001045,0.575757576
N20001046,0.575757576
N20001047,0.575757576
N20001048,0.575757576
N20001049,0.575757576
N20001050,0.575757576
N20001051,0.575757576
N20001052,0.575757576
N20001053,0.575757576
N20001054,0.575757576
N20001055,0.575757576
N20001056,0.575757576
N20001057,0.575757576
N20001058,0.575757576
N20001059,0.575757576
N20001060,0.575757576
N20001061,0.575757576
N20001062,0.575757576
N20001063,0.575757576
N20001064,0.575757576
N20001065,0.575757576
N20001066,0.575757576
N20001067,0.575757576
N20001068,0.575757576
N20001069,0.575757576
N20001070,0.575757576
N20001071,0.575757576
N20001072,0.575757576
N20001073,0.575757576
N20001074,0.575757576
N20001075,0.575757576
N20001076,0.575757576
N20001077,0.575757576
N20001078,0.575757576
N20001079,0.620508326
N20001080,0.620508326
N20001081,0.620508326
N20001082,0.620508326
N20001083,0.620508326
N20001084,0.620508326
N20001085,0.620508326
N20001086,0.620508326
N20001087,0.620508326
N20001088,0.620508326
N20001089,0.620508326
N20001090,0.620508326
N20001091,0.620508326
N20001092,0.620508326
N20001093,0.620508326
N20001094,0.620508326
N20001095,0.620508326
N20001096,0.620508326
N20001097,0.620508326
N20001098,0.620508326
N20001099,0.620508326
N20001100,0.620508326
N20001101,0.620508326
N20001102,0.620508326
N20001103,0.620508326
N20001104,0.620508326
N20001105,0.620508326
N20001106,0.620508326
N20001107,0.620508326
N20001108,0.620508326
N20001109,0.620508326
N20001110,0.620508326
N20001111,0.620508326
N20001112,0.620508326
N20001113,0.620508326
N20001114,0.620508326
N20001115,0.620508326
N20001116,0.620508326
N20001117,0.620508326
N20001118,0.620508326
N20001119,0.620508326
N20001120,0.620508326
N20001121,0.575757576
N20001122,0.620508326
N20001123,0.620508326
N20001124,0.620508326
N20001125,0.620508326
N20001126,0.620508326
N20001127,0.620508326
N20001128,0.620508326
N20001129,0.620508326
N20001130,0.620508326
N20001131,0.620508326
N20001132,0.620508326
N20001133,0.620508326
N20001134,0.620508326
N20001135,0.620508326
N20001136,0.620508326
N20001137,0.620508326
N20001138,0.575757576
N20001139,0.620508326
N20001140,0.620508326
N20001141,0.575757576
N20001142,0.620508326
N20001143,0.620508326
N20001144,0.620508326
N20001145,0.575757576
N20001146,0.575757576
N20001147,0.575757576
N20001148,0.620508326
N20001149,0.620508326
N20001150,0.575757576
N20001151,0.620508326
N20001152,0.620508326
N20001153,0.620508326
N20001154,0.575757576
N20001155,0.575757576
N20001156,0.620508326
N20001157,0.620508326
N20001158,0.575757576
N20001159,0.575757576
N20001160,0.575757576
N20001161,0.620508326
N20001162,0.620508326
N20001163,0.575757576
N20001164,0.575757576
N20001165,0.575757576
N20001166,0.575757576
N20001167,0.620508326
N20001168,0.620508326
N20001169,0.620508326
N20001170,0.620508326
N20001171,0.620508326
N20001172,0.620508326
N20001173,0.620508326
N20001174,0.620508326
N20001175,0.620508326
N20001176,0.620508326
N20001177,0.620508326
N20001178,0.620508326
N20001179,0.620508326
N20001180,0.620508326
N20001181,0.620508326
N20001182,0.620508326
N20001183,0.620508326
N20001184,0.64301119
N20001185,0.620508326
N20001186,0.623351558
N20001187,0.575757576
N20001188,0.575757576
N20001189,0.620508326
N20001190,0.811388353
N20001191,0.620508326
N20001192,0.823312568
N20001193,0.620508326
N20001194,0.655887408
N20001195,0.823529412
N20001196,0.620508326
N20001197,0.823529412
N20001198,0.620508326
N20001199,0.620508326
N20001200,0.575757576
N20001201,0.819729758
N20001202,0.823529412
N20001203,0.823529412
N20001204,0.823529412
N20001205,0.823529412
N20001206,0.823529412
N20001207,0.620508326
N20001208,0.620508326
N20001209,0.823529412
N20001210,0.823529412
N20001211,0.77592554
N20001212,0.823529412
N20001213,0.823529412
N20001214,0.621064225
N20001215,0.823529412
N20001216,0.823529412
N20001217,0.644184221
N20001218,0.620557135
N20001219,0.823529412
N20001220,0.823529412
N20001221,0.823529412
N20001222,0.575757576
N20001223,0.575757576
N20001224,0.728125
N20001225,0.617428463
N20001226,0.703610255
N20001227,0.618509399
N20001228,0.728125
N20001229,0.727760911
N20001230,0.823529412
N20001231,0.666275417
N20001232,0.728125
N20001233,0.71656921
N20001234,0.728095484
N20001235,0.620508326
N20001236,0.620508326
N20001237,0.620508326
N20001238,0.620508326
N20001239,0.598881209
N20001240,0.620508326
N20001241,0.620508326
N20001242,0.620508326
N20001243,0.613576285
N20001244,0.621329431
N20001245,0.650265678
N20001246,0.6216338
N20001247,0.659181603
N20001248,0.61021494
N20001249,0.650403187
N20001250,0.620508326
N20001251,0.82111495
N20001252,0.479850347
N20001253,0.821233342
N20001254,0.812126059
N20001255,0.26
N20001256,0.416444808
N20001257,0.26
N20001258,0.823529412
N20001259,0.733858284
N20001260,0.823529412
N20001261,0.26
N20001262,0.26
N20001263,0.26
N20001264,0.823529412
N20001265,0.823346591
N20001266,0.26
N20001267,0.26
N20001268,0.26
N20001269,0.26
N20001270,0.808261524
N20001271,0.823529412
N20001272,0.26
N20001273,0.26
N20001274,0.823529412
N20001275,0.823529412
N20001276,0.26
N20001277,0.26
N20001278,0.26
N20001279,0.26
N20001280,0.823529412
N20001281,0.823529412
N20001282,0.26
N20001283,0.695518077
N20001284,0.26
N20001285,0.815784861
N20001286,0.26
N20001287,0.26
N20001288,0.489918833
N20001289,0.823529412
N20001290,0.26
N20001291,0.26
N20001292,0.823529412
N20001293,0.26
N20001294,0.823529412
N20001295,0.26
N20001296,0.823460322
N20001297,0.620508326
N20001298,0.620508326
N20001299,0.620508326
N20001300,0.620508326
N20001301,0.620508326
N20001302,0.620508326
N20001303,0.620508326
N20001304,0.620508326
N20001305,0.620508326
N20001306,0.620508326
N20001307,0.620508326
N20001308,0.620508326
N20001309,0.620355535
N20001310,0.620508326
N20001311,0.620508326
N20001312,0.620508326
N20001313,0.620508326
N20001314,0.620508326
N20001315,0.620508326
N20001316,0.620508326
N20001317,0.620508326
N20001318,0.620508326
N20001319,0.620508326
N20001320,0.620508326
N20001321,0.620508326
N20001322,0.620508326
N20001323,0.620508326
N20001324,0.620508326
N20001325,0.620508326
N20001326,0.620508326
N20001327,0.620508326
N20001328,0.620508326
N20001329,0.620508326
N20001330,0.620508326
N20001331,0.620508326
N20001332,0.620508326
N20001333,0.620508326
N20001334,0.620508326
N20001335,0.620508326
N20001336,0.620508326
N20001337,0.620508326
N20001338,0.620508326
N20001339,0.620508326
N20001340,0.620508326
N20001341,0.620508326
N20001342,0.620508326
N20001343,0.620508326
N20001344,0.620508326
N20001345,0.620508326
N20001346,0.620508326
N20001347,0.620508326
N20001348,0.620508326
N20001349,0.620508326
N20001350,0.620508326
N20001351,0.620508326
N20001352,0.620508326
N20001353,0.620508326
N20001354,0.620508326
N20001355,0.620508326
N20001356,0.620508326
N20001357,0.620508326
N20001358,0.620508326
N20001359,0.620508326
N20001360,0.620508326
N20001361,0.620508326
N20001362,0.620508326
N20001363,0.620508326
N20001364,0.620508326
N20001365,0.620508326
N20001366,0.620508326
N20001367,0.620508326
N20001368,0.620508326
N20001369,0.620508326
N20001370,0.620508326
N20001371,0.620508326
N20001372,0.620508326
N20001373,0.620508326
N20001374,0.620508326
N20001375,0.620508326
N20001376,0.620508326
N20001377,0.620508326
N20001378,0.620508326
N20001379,0.620508326
N20001380,0.620508326
N20001381,0.620508326
N20001382,0.620508326
N20001383,0.620508326
N20001384,0.620508326
N20001385,0.620508326
N20001386,0.620508326
N20001387,0.620508326
N20001388,0.620508326
N20001389,0.620508326
N20001390,0.620508326
N20001391,0.620508326
N20001392,0.620508326
N20001393,0.620508326
N20001394,0.620508326
N20001395,0.620508326
N20001396,0.620508326
N20001397,0.620508326
N20001398,0.620508326
N20001399,0.620508326
N20001400,0.620508326
N20001401,0.620508326
N20001402,0.620508326
N20001403,0.620508326
N20001404,0.620508326
N20001405,0.620508326
N20001406,0.620508326
N20001407,0.620508326
N20001408,0.620508326
N20001409,0.620508326
N20001410,0.620508326
N20001411,0.620508326
N20001412,0.620508326
N20001413,0.620508326
N20001414,0.620508326
N20001415,0.620508326
N20001416,0.620508326
N20001417,0.620508326
N20001418,0.620508326
N20001419,0.620508326
N20001420,0.620508326
N20001421,0.620508326
N20001422,0.620508326
N20001423,0.620508326
N20001424,0.620508326
N20001425,0.620508326
N20001426,0.620508326
N20001427,0.620508326
N20001428,0.620508326
N20001429,0.620508326
N20001430,0.620508326
N20001431,0.620508326
N20001432,0.620508326
N20001433,0.620508326
N20001434,0.620508326
N20001435,0.620508326
N20001436,0.620508326
N20001437,0.620508326
N20001438,0.620508326
N20001439,0.620508326
N20001440,0.620508326
N20001441,0.620508326
N20001442,0.620508326
N20001443,0.620508326
N20001444,0.620508326
N20001445,0.620508326
N20001446,0.639822743
N20001447,0.534901719
N20001448,0.534883721
N20001449,0.6401766
N20001450,0.618472946
N20001451,0.6401766
N20001452,0.57168382
N20001453,0.640138025
N20001454,0.534883721
N20001455,0.534883721
N20001456,0.534883721
N20001457,0.510901247
N20001458,0.574682411
N20001459,0.555373644
N20001460,0.534883721
N20001461,0.590680096
N20001462,0.534883721
N20001463,0.6401766
N20001464,0.325699889
N20001465,0.4716719
N20001466,0.240759661
N20001467,0.322033898
N20001468,0.297465967
N20001469,0.192156863
N20001470,0.192156863
N20001471,0.192156863
N20001472,0.317299799
N20001473,0.192156863
N20001474,0.192156863
N20001475,0.192156863
N20001476,0.192156863
N20001477,0.153356442
N20001478,0.16813166
N20001479,0.08
N20001480,0.033888619
N20001481,0.541666667
N20001482,0.607341078
N20001483,0.684000562
N20001484,0.634223689
N20001485,0.617601607
N20001486,0.610007926
N20001487,0.609550562
N20001488,0.640129589
N20001489,0.609550562
N20001490,0.623041441
N20001491,0.609550562
N20001492,0.609550562
N20001493,0.6401766
N20001494,0.609550562
N20001495,0.63716276
N20001496,0.6401766
N20001497,0.609550562
N20001498,0.6401766
N20001499,0.609550562
N20001500,0.6401766
N20001501,0.609550562
N20001502,0.609550562
N20001503,0.609550562
N20001504,0.618910284
N20001505,0.609550562
N20001506,0.609550562
N20001507,0.635013611
N20001508,0.609550562
N20001509,0.640138097
N20001510,0.609550562
N20001511,0.463500286
N20001512,0.331797235
N20001513,0.331064591
N20001514,0.545714286
N20001515,0.545714286
N20001516,0.545714286
N20001517,0.545714238
N20001518,0.595571426
N20001519,0.545714286
N20001520,0.54571747
N20001521,0.587530876
N20001522,0.558100582
N20001523,0.578947368
N20001524,0.578947368
N20001525,0.56489317
N20001526,0.578947368
N20001527,0.552804842
N20001528,0.545313447
N20001529,0.521410579
N20001530,0.524714459
N20001531,0.46806117
N20001532,0.33864408
N20001533,0.471756303
N20001534,0.230689398
N20001535,0.147465438
N20001536,0.147465438
N20001537,0.367443229
N20001538,0.166738927
N20001539,0.479254458
N20001540,0.553719008
N20001541,0.553719008
N20001542,0.379882644
N20001543,0.548828032
N20001544,0.373644156
N20001545,0.208343298
N20001546,0.147467184
N20001547,0.5
N20001548,0.63785407
N20001549,0.573396148
N20001550,0.697934903
N20001551,0.689561521
N20001552,0.736526744
N20001553,0.737750056
N20001554,0.737756714
N20001555,0.732003591
N20001556,0.737756714
N20001557,0.737756714
N20001558,0.608736137
N20001559,0.737756714
N20001560,0.608695652
N20001561,0.737756714
N20001562,0.737756714
N20001563,0.737756714
N20001564,0.737756714
N20001565,0.737756714
N20001566,0.737756714
N20001567,0.725894684
N20001568,0.608695652
N20001569,0.608695652
N20001570,0.737756714
N20001571,0.710309424
N20001572,0.737756714
N20001573,0.608695652
N20001574,0.608695652
N20001575,0.608695652
N20001576,0.737756714
N20001577,0.737756714
N20001578,0.608695652
N20001579,0.608695652
N20001580,0.608695652
N20001581,0.608659544
N20001582,0.737756714
N20001583,0.608677375
N20001584,0.592257594
N20001585,0.737756714
N20001586,0.737756714
N20001587,0.737756714
N20001588,0.588753899
N20001589,0.579106138
N20001590,0.737756714
N20001591,0.737756714
N20001592,0.578947368
N20001593,0.578947368
N20001594,0.737756714
N20001595,0.737756647
N20001596,0.737756714
N20001597,0.195972585
N20001598,0.217369524
N20001599,0.427536232
N20001600,0.183206107
N20001601,0.206817295
N20001602,0.312953149
N20001603,0.427536232
N20001604,0.427536232
N20001605,0.183206107
N20001606,0.183206107
N20001607,0.427536232
N20001608,0.427536232
N20001609,0.427536232
N20001610,0.427536232
N20001611,0.427536232
N20001612,0.427536232
N20001613,0.427536232
N20001614,0.427536232
N20001615,0.427536232
N20001616,0.5
N20001617,0.336815678
N20001618,0.427536232
N20001619,0.184991566
N20001620,0.5
N20001621,0.5
N20001622,0.5
N20001623,0.5
N20001624,0.5
N20001625,0.5
N20001626,0.5
N20001627,0.442937557
N20001628,0.5
N20001629,0.5
N20001630,0.5
N20001631,0.5
N20001632,0.5
N20001633,0.5
N20001634,0.60189365
N20001635,0.5
N20001636,0.237546499
N20001637,0.5
N20001638,0.5
N20001639,0.183205535
N20001640,0.729225153
N20001641,0.524251512
N20001642,0.319218241
N20001643,0.343896763
N20001644,0.626089326
N20001645,0.323492435
N20001646,0.418479209
N20001647,0.714386216
N20001648,0.548238897
N20001649,0.457878369
N20001650,0.548238897
N20001651,0.093333333
N20001652,0.259912355
N20001653,0.208737864
N20001654,0.208737864
N20001655,0.208737864
N20001656,0.208737864
N20001657,0.208737864
N20001658,0.269663523
N20001659,0.207701754
N20001660,0.208737864
N20001661,0.208737864
N20001662,0.208737864
N20001663,0.208737864
N20001664,0.208737864
N20001665,0.03542098
N20001666,0.163034701
N20001667,0.11619253
N20001668,0.126421557
N20001669,0.243240418
N20001670,0.176583858
N20001671,0.056338028
N20001672,0.338013528
N20001673,0.054054054
N20001674,0.264592878
N20001675,0.116806372
N20001676,0.058964425
N20001677,0.054054054
N20001678,0.048181398
N20001679,0.054054054
N20001680,0.054054054
N20001681,0.04137931
N20001682,0.054054054
N20001683,0.041449453
N20001684,0.161402966
N20001685,0.54878851
N20001686,0.548238897
N20001687,0.548238897
N20001688,0.548238897
N20001689,0.548238897
N20001690,0.548238897
N20001691,0.548238897
N20001692,0.548238897
N20001693,0.548238897
N20001694,0.548238897
N20001695,0.548238897
N20001696,0.548238897
N20001697,0.548238897
N20001698,0.548238897
N20001699,0.548238897
N20001700,0.548238897
N20001701,0.548238897
N20001702,0.548238897
N20001703,0.548238897
N20001704,0.548238897
N20001705,0.547816302
N20001706,0.548238897
N20001707,0.548238897
N20001708,0.548238897
N20001709,0.548238897
N20001710,0.548238897
N20001711,0.548238897
N20001712,0.548238897
N20001713,0.548238897
N20001714,0.503971581
N20001715,0.184160737
N20001716,0.384971315
N20001717,0.434285079
N20001718,0.363333333
N20001719,0.363333333
N20001720,0.363333333
N20001721,0.35483871
N20001722,0.33707379
N20001723,0.412972848
N20001724,0.234716386
N20001725,0.176522989
N20001726,0.281598594
N20001727,0.19561916
N20001728,0.04245283
N20001729,0.04245283
N20001730,0.042504856
N20001731,0.042459055
N20001732,0.543726236
N20001733,0.543726236
N20001734,0.543726236
N20001735,0.543726236
N20001736,0.543726236
N20001737,0.543726236
N20001738,0.543726236
N20001739,0.543726236
N20001740,0.543726236
N20001741,0.543726236
N20001742,0.543726236
N20001743,0.543726236
N20001744,0.543726236
N20001745,0.543726236
N20001746,0.543726236
N20001747,0.543726236
N20001748,0.543726236
N20001749,0.543726236
N20001750,0.543726236
N20001751,0.543726236
N20001752,0.543726236
N20001753,0.543726236
N20001754,0.543726236
N20001755,0.543726236
N20001756,0.543726236
N20001757,0.543726236
N20001758,0.543726236
N20001759,0.543726236
N20001760,0.543726236
N20001761,0.543726236
N20001762,0.543726236
N20001763,0.543726236
N20001764,0.543726236
N20001765,0.543726236
N20001766,0.543726236
N20001767,0.543726236
N20001768,0.543726236
N20001769,0.543726236
N20001770,0.543726236
N20001771,0.543726236
N20001772,0.543726236
N20001773,0.543726236
N20001774,0.543726236
N20001775,0.543726236
N20001776,0.543726236
N20001777,0.543726236
N20001778,0.543726236
N20001779,0.543726236
N20001780,0.543726236
N20001781,0.543726236
N20001782,0.543726236
N20001783,0.543726236
N20001784,0.543726236
N20001785,0.543726236
N20001786,0.543726236
N20001787,0.543726236
N20001788,0.543726236
N20001789,0.543726236
N20001790,0.543726236
N20001791,0.543726236
N20001792,0.543726236
N20001793,0.543726236
N20001794,0.543726236
N20001795,0.543726236
N20001796,0.543726236
N20001797,0.543726236
N20001798,0.543726236
N20001799,0.543726236
N20001800,0.543726236
N20001801,0.543726236
N20001802,0.543726236
N20001803,0.543726236
N20001804,0.543726236
N20001805,0.543726236
N20001806,0.543726236
N20001807,0.543726236
N20001808,0.543726236
N20001809,0.543726236
N20001810,0.543726236
N20001811,0.543726236
N20001812,0.543726236
N20001813,0.543726236
N20001814,0.543726236
N20001815,0.543726236
N20001816,0.543726236
N20001817,0.543726236
N20001818,0.543726236
N20001819,0.543726236
N20001820,0.543726236
N20001821,0.543726236
N20001822,0.543726236
N20001823,0.543726236
N20001824,0.543726236
N20001825,0.543726236
N20001826,0.543726236
N20001827,0.543726236
N20001828,0.543726236
N20001829,0.543726236
N20001830,0.543726236
N20001831,0.543726236
N20001832,0.543726236
N20001833,0.543726236
N20001834,0.543726236
N20001835,0.543726236
N20001836,0.543726236
N20001837,0.543726236
N20001838,0.543726236
N20001839,0.543726236
N20001840,0.543726236
N20001841,0.543726236
N20001842,0.543726236
N20001843,0.543726236
N20001844,0.543726236
N20001845,0.543726236
N20001846,0.543726236
N20001847,0.543726236
N20001848,0.543726236
N20001849,0.543726236
N20001850,0.555740433
N20001851,0.555740433
N20001852,0.555740433
N20001853,0.555740433
N20001854,0.555740433
N20001855,0.555740433
N20001856,0.555740433
N20001857,0.555740433
N20001858,0.555740433
N20001859,0.555740433
N20001860,0.555740433
N20001861,0.555740433
N20001862,0.555740433
N20001863,0.555740433
N20001864,0.555740433
N20001865,0.555740433
N20001866,0.555740433
N20001867,0.555740433
N20001868,0.555740433
N20001869,0.555740433
N20001870,0.555740433
N20001871,0.555740433
N20001872,0.555740433
N20001873,0.555740433
N20001874,0.555740433
N20001875,0.555740433
N20001876,0.555740433
N20001877,0.555740433
N20001878,0.555740433
N20001879,0.555740433
N20001880,0.555740433
N20001881,0.555740433
N20001882,0.555740433
N20001883,0.555740433
N20001884,0.555740433
N20001885,0.555740433
N20001886,0.555740433
N20001887,0.555740433
N20001888,0.555740433
N20001889,0.555740433
N20001890,0.555740433
N20001891,0.555740433
N20001892,0.555740433
N20001893,0.555740433
N20001894,0.555740433
N20001895,0.555740433
N20001896,0.555740433
N20001897,0.555740433
N20001898,0.555740433
N20001899,0.555740433
N20001900,0.555740433
N20001901,0.555740433
N20001902,0.555740433
N20001903,0.555740433
N20001904,0.555740433
N20001905,0.555740433
N20001906,0.555740433
N20001907,0.555740433
N20001908,0.539631922
N20001909,0.555740433
N20001910,0.555740433
N20001911,0.555740433
N20001912,0.555740433
N20001913,0.555740433
N20001914,0.534883721
N20001915,0.534883721
N20001916,0.534883721
N20001917,0.534883721
N20001918,0.534883721
N20001919,0.534883721
N20001920,0.534883721
N20001921,0.555740433
N20001922,0.54932321
N20001923,0.406679583
N20001924,0.555740433
N20001925,0.555740433
N20001926,0.555740433
N20001927,0.487169602
N20001928,0.555740433
N20001929,0.467874827
N20001930,0.555740433
N20001931,0.555740433
N20001932,0.555740433
N20001933,0.555740433
N20001934,0.555740433
N20001935,0.555743737
N20001936,0.210880448
N20001937,0.465806189
N20001938,0.555744542
N20001939,0.682024418
N20001940,0.557828682
N20001941,0.706470872
N20001942,-9
N20001943,0.18902439
N20001944,0.18902439
N20001945,0.706554063
N20001946,0.181118795
N20001947,0.706475234
N20001948,0.431140446
N20001949,0.051997345
N20001950,0.720224697
N20001951,0.86041612
N20001952,0.706521739
N20001953,0.020304569
N20001954,0.264880386
N20001955,0.872340426
N20001956,0.034148211
N20001957,0.872340426
N20001958,0.872340426
N20001959,0.823917041
N20001960,0.872340426
N20001961,0.871281888
N20001962,0.872340426
N20001963,0.872340426
N20001964,0.870625932
N20001965,0.780688852
N20001966,0.802307608
N20001967,0.767801469
N20001968,0.79682462
N20001969,0.766704948
N20001970,0.874503365
N20001971,0.684168879
N20001972,0.874548956
N20001973,0.722222222
N20001974,0.9
N20001975,0.870392713
N20001976,0.9
N20001977,0.9
N20001978,0.9
N20001979,0.9
N20001980,0.9
N20001981,0.034612417
N20001982,0.808859236
N20001983,0.9
N20001984,0.9
N20001985,0.9
N20001986,0.883259269
N20001987,0.9
N20001988,0.772672373
N20001989,0.229239268
N20001990,0.551688046
N20001991,0.645635104
N20001992,0.662556017
N20001993,0.068965517
N20001994,0.9
N20001995,0.9
N20001996,0.9
N20001997,0.9
N20001998,0.9
N20001999,0.9
N20002000,0.9
N20002001,0.9
N20002002,0.9
N20002003,0.9
N20002004,0.9
N20002005,0.9
N20002006,0.885198655
N20002007,0.626041611
N20002008,0.742831167
N20002009,0.622641509
N20002010,0.622641509
N20002011,0.622641509
N20002012,0.9
N20002013,0.622641509
N20002014,0.9
N20002015,0.891082248
N20002016,0.9
N20002017,0.622639955
N20002018,0.9
N20002019,0.64772416
N20002020,0.9
N20002021,0.9
N20002022,0.9
N20002023,0.390625
N20002024,0.620938219
N20002025,0.667061623
N20002026,0.390601023
N20002027,0.407950068
N20002028,0.639502424
N20002029,0.246921023
N20002030,0.234926919
N20002031,0.250762818
N20002032,0.249287195
N20002033,0.155829256
N20002034,0.152024212
N20002035,0.253696677
N20002036,0.257206208
N20002037,0.162800437
N20002038,0.128396772
N20002039,0.217124448
N20002040,0.257206208
N20002041,0.247286435
N20002042,0.257206208
N20002043,0.257206208
N20002044,0.203372474
N20002045,0.257206208
N20002046,0.257206208
N20002047,0.257206208
N20002048,0.122579227
N20002049,0.120860927
N20002050,0.120860927
N20002051,0.142493282
N20002052,0.111846543
N20002053,0.099900963
N20002054,0.096514745
N20002055,0.231155373
N20002056,0.272288589
N20002057,0.265578121
N20002058,0.268610904
N20002059,0.319920873
N20002060,0.368803219
N20002061,0.37994175
N20002062,0.379194287
N20002063,0.351459113
N20002064,0.353394444
N20002065,0.509231162
N20002066,0.271735142
N20002067,0.237915601
N20002068,0.551926609
N20002069,0.476083617
N20002070,0.203516342
N20002071,0.070905812
N20002072,0.048289489
N20002073,0.065986833
N20002074,0.10301094
N20002075,0.105461394
N20002076,0.105461394
N20002077,0.105461394
N20002078,0.105461394
N20002079,0.094934495
N20002080,0.100969242
N20002081,0.356584223
N20002082,0.41277662
N20002083,0.28734607
N20002084,0.144838329
N20002085,0.379310345
N20002086,0.153873292
N20002087,0.631628139
N20002088,0.838047234
N20002089,0.737801268
N20002090,0.745187602
N20002091,0.115384615
N20002092,0.827004219
N20002093,0.838095238
N20002094,0.721098677
N20002095,0.838095238
N20002096,0.777944141
N20002097,0.492679957
N20002098,0.45056075
N20002099,0.838095238
N20002100,0.44513263
N20002101,0.83463855
N20002102,0.838095238
N20002103,0.760479042
N20002104,0.838095238
N20002105,0.760479042
N20002106,0.760479042
N20002107,0.836554208
N20002108,0.760479042
N20002109,0.313163666
N20002110,0.838095238
N20002111,0.798229065
N20002112,0.760479042
N20002113,0.83228263
N20002114,0.760479042
N20002115,0.760479042
N20002116,0.760479042
N20002117,0.324917663
N20002118,0.255515529
N20002119,0.266428515
N20002120,0.38750223
N20002121,0.061463292
N20002122,0.102246873
N20002123,0.20764181
N20002124,0.207839236
N20002125,0.291191028
N20002126,0.207159952
N20002127,0.208672087
N20002128,0.367083951
N20002129,0.267674534
N20002130,0.250941359
N20002131,0.367088608
N20002132,0.356823559
N20002133,0.37868952
N20002134,0.356807512
N20002135,0.356807512
N20002136,0.361092158
N20002137,0.299804863
N20002138,0.356807512
N20002139,0.444065877
N20002140,0.510526316
N20002141,0.510526316
N20002142,0.838041399
N20002143,0.510526316
N20002144,0.45904684
N20002145,0.546690963
N20002146,0.838095238
N20002147,0.701312095
N20002148,0.552870174
N20002149,0.838095238
N20002150,0.490956995
N20002151,0.541749014
N20002152,0.194638328
N20002153,0.407178003
N20002154,0.389072486
N20002155,0.182641844
N20002156,0.405030733
N20002157,0.355080932
N20002158,0.405063291
N20002159,0.405063291
N20002160,0.277518779
N20002161,0.270458471
N20002162,0.28
N20002163,0.28
N20002164,0.198030317
N20002165,0.232261774
N20002166,0.28
N20002167,0.28
N20002168,0.360249498
N20002169,0.28
N20002170,0.192307692
N20002171,0.192307692
N20002172,0.192307692
N20002173,0.747206077
N20002174,0.32749882
N20002175,0.392630607
N20002176,0.446719705
N20002177,0.271290881
N20002178,0.323055983
N20002179,0.387388231
N20002180,0.411833088
N20002181,0.428709697
N20002182,0.458333333
N20002183,0.458333333
N20002184,0.457363746
N20002185,0.458333333
N20002186,0.458333333
N20002187,0.458333333
N20002188,0.428716144
N20002189,0.458333333
N20002190,0.458333333
N20002191,0.458333333
N20002192,0.458333333
N20002193,0.4050702
N20002194,0.405063291
N20002195,0.43675459
N20002196,0.461813361
N20002197,0.488439617
N20002198,0.405063291
N20002199,0.408373723
N20002200,0.499852333
N20002201,0.5
N20002202,0.405063291
N20002203,0.405063291
N20002204,0.405063291
N20002205,0.405063291
N20002206,0.499608376
N20002207,0.458345703
N20002208,0.405063291
N20002209,0.406843761
N20002210,0.405063291
N20002211,0.405063291
N20002212,0.405063291
N20002213,0.405063291
N20002214,0.405063291
N20002215,0.405063291
N20002216,0.405063291
N20002217,0.44880371
N20002218,0.405063291
N20002219,0.405063291
N20002220,0.405349804
N20002221,0.249980201
N20002222,0.250051699
N20002223,0.25
N20002224,0.161570267
N20002225,0.308017308
N20002226,0.476356795
N20002227,0.458333333
N20002228,0.134849801
N20002229,0.432081915
N20002230,0.458333333
N20002231,0.020455721
N20002232,0.458333333
N20002233,0.458333333
N20002234,0.284400227
N20002235,0.096397947
N20002236,0.458333333
N20002237,0.020408163
N20002238,0.458333333
N20002239,0.13518085
N20002240,0.020410498
N20002241,0.020408163
N20002242,0.258520851
N20002243,0.051372492
N20002244,0.031540164
N20002245,0.415807875
N20002246,0.224393143
N20002247,0.203693928
N20002248,0.171864397
N20002249,0.260596437
N20002250,0.262581087
N20002251,0.749336528
N20002252,0.607843137
N20002253,0.608101132
N20002254,0.608304285
N20002255,0.618569986
N20002256,0.727442869
N20002257,0.571535014
N20002258,0.584001777
N20002259,0.589073766
N20002260,0.594359626
N20002261,0.570731707
N20002262,0.533333333
N20002263,0.533333333
N20002264,0.533333333
N20002265,0.533333333
N20002266,0.533333333
N20002267,0.533333333
N20002268,0.322988983
N20002269,0.570731707
N20002270,0.533333333
N20002271,0.533333333
N20002272,0.533333333
N20002273,0.533333333
N20002274,0.570731707
N20002275,0.533333333
N20002276,0.448771994
N20002277,0.572512796
N20002278,0.581142523
N20002279,0.575888535
N20002280,0.580281534
N20002281,0.578283688
N20002282,0.581818182
N20002283,0.581818182
N20002284,0.548737845
N20002285,0.578128097
N20002286,0.564356436
N20002287,0.391622605
N20002288,0.324590414
N20002289,0.325597183
N20002290,0.353797984
N20002291,0.47029703
N20002292,0.47029703
N20002293,0.431319694
N20002294,0.444590237
N20002295,0.436146041
N20002296,0.363691362
N20002297,0.26
N20002298,0.400067472
N20002299,0.396721311
N20002300,0.396721311
N20002301,0.38414198
N20002302,0.396144998
N20002303,0.393058992
N20002304,0.396721311
N20002305,0.26
N20002306,0.26
N20002307,0.26
N20002308,0.26
N20002309,0.261789406
N20002310,0.26
N20002311,0.394338655
N20002312,0.26
N20002313,0.26
N20002314,0.26
N20002315,0.26
N20002316,0.26
N20002317,0.365927296
N20002318,0.369156634
N20002319,0.377383623
N20002320,0.160714286
N20002321,0.160714286
N20002322,0.160714286
N20002323,0.160714286
N20002324,0.426618615
N20002325,0.160714286
N20002326,0.26
N20002327,0.26
N20002328,0.26
N20002329,0.26
N20002330,0.364285494
N20002331,0.26
N20002332,0.26
N20002333,0.441743358
N20002334,0.26
N20002335,0.26
N20002336,0.26
N20002337,0.327575957
N20002338,0.597697583
N20002339,0.268044309
N20002340,0.26
N20002341,0.26
N20002342,0.588401738
N20002343,0.604404754
N20002344,0.26
N20002345,0.53652851
N20002346,0.607843137
N20002347,0.26
N20002348,0.599617528
N20002349,0.576184647
N20002350,0.607843137
N20002351,0.580620091
N20002352,0.607843137
N20002353,0.60630495
N20002354,0.607843137
N20002355,0.607843137
N20002356,0.607843137
N20002357,0.607843137
N20002358,0.607843137
N20002359,0.607843137
N20002360,0.607843137
N20002361,0.607843137
N20002362,0.607843137
N20002363,0.607843137
N20002364,0.607830702
N20002365,0.607843137
N20002366,0.607843137
N20002367,0.607832974
N20002368,0.607843137
N20002369,0.607843137
N20002370,0.607843137
N20002371,0.607843137
N20002372,0.607846006
N20002373,0.607843137
N20002374,0.607832153
N20002375,0.607843137
N20002376,0.638501718
N20002377,0.26
N20002378,0.395360319
N20002379,0.26
N20002380,0.26
N20002381,0.26
N20002382,0.26
N20002383,0.26
N20002384,0.26
N20002385,0.26
N20002386,0.77528869
N20002387,0.26
N20002388,0.26
N20002389,0.756876274
N20002390,0.26
N20002391,0.26
N20002392,0.26
N20002393,0.339997673
N20002394,0.702002076
N20002395,0.26
N20002396,0.770507031
N20002397,0.77066829
N20002398,0.26
N20002399,0.26
N20002400,0.26
N20002401,0.26
N20002402,0.26
N20002403,0.779633769
N20002404,0.477520087
N20002405,0.690046141
N20002406,0.765967885
N20002407,0.770833333
N20002408,0.568729661
N20002409,0.772164596
N20002410,0.607837917
N20002411,0.684839955
N20002412,0.60772596
N20002413,0.615489429
N20002414,0.766957308
N20002415,0.709229985
N20002416,0.607843137
N20002417,0.607843137
N20002418,0.607843137
N20002419,0.607843137
N20002420,0.607843137
N20002421,0.607843137
N20002422,0.607843137
N20002423,0.607843137
N20002424,0.792866534
N20002425,0.728125
N20002426,0.740850006
N20002427,0.783717112
N20002428,0.607843137
N20002429,0.607843137
N20002430,0.728125
N20002431,0.607843137
N20002432,0.607843137
N20002433,0.755588026
N20002434,0.728125
N20002435,0.613910857
N20002436,0.739092071
N20002437,0.75
N20002438,0.768254044
N20002439,0.67363882
N20002440,0.688152178
N20002441,0.571198856
N20002442,0.709819422
N20002443,0.570789762
N20002444,0.576052826
N20002445,0.547584247
N20002446,0.515300046
N20002447,0.399990324
N20002448,0.4
N20002449,0.387825322
N20002450,0.510984571
N20002451,0.44729549
N20002452,0.206049856
N20002453,0.019230769
N20002454,0.019230769
N20002455,0.019230769
N20002456,0.575757576
N20002457,0.575757576
N20002458,0.575757576
N20002459,0.575757576
N20002460,0.575757576
N20002461,0.575757576
N20002462,0.575757576
N20002463,0.575757576
N20002464,0.575757576
N20002465,0.575757576
N20002466,0.575757576
N20002467,0.575757576
N20002468,0.575757576
N20002469,0.575757576
N20002470,0.575757576
N20002471,0.575757576
N20002472,0.575923221
N20002473,0.578295509
N20002474,0.668778608
N20002475,0.575757576
N20002476,0.692520704
N20002477,0.712355301
N20002478,0.710276975
N20002479,0.575757576
N20002480,0.728125
N20002481,0.728125
N20002482,0.718728827
N20002483,0.725260349
N20002484,0.727723655
N20002485,0.728125
N20002486,0.728125
N20002487,0.672121917
N20002488,0.728125
N20002489,0.728125
N20002490,0.728125
N20002491,0.728125
N20002492,0.626362813
N20002493,0.728125
N20002494,0.728125
N20002495,0.728125
N20002496,0.728125
N20002497,0.728125
N20002498,0.420507695
N20002499,0.472245923
N20002500,0.637255187
N20002501,0.637253176
N20002502,0.637254902
N20002503,0.637254902
N20002504,0.637254902
N20002505,0.637254902
N20002506,0.637254902
N20002507,0.637254902
N20002508,0.637254902
N20002509,0.637254902
N20002510,0.637254902
N20002511,0.637254902
N20002512,0.637254902
N20002513,0.637254902
N20002514,0.637254902
N20002515,0.637254902
N20002516,0.637254902
N20002517,0.637254902
N20002518,0.637254902
N20002519,0.637254902
N20002520,0.637254902
N20002521,0.637254902
N20002522,0.637254902
N20002523,0.637254902
N20002524,0.637254902
N20002525,0.637254902
N20002526,0.637254902
N20002527,0.637254902
N20002528,0.637254902
N20002529,0.637254902
N20002530,0.637254902
N20002531,0.549257049
N20002532,0.633170897
N20002533,0.605136903
N20002534,0.637254902
N20002535,0.539196616
N20002536,0.637254902
N20002537,0.596432683
N20002538,0.63128405
N20002539,0.637254902
N20002540,0.539272104
N20002541,0.544971136
N20002542,0.522857143
N20002543,0.563410899
N20002544,0.522857143
N20002545,0.522857143
N20002546,0.522857143
N20002547,0.524273184
N20002548,0.04245283
N20002549,0.202528777
N20002550,0.43264716
N20002551,0.666666667
N20002552,0.51077566
N20002553,0.550165511
N20002554,0.666666667
N20002555,0.666666667
N20002556,0.666666667
N20002557,0.666666667
N20002558,0.666666667
N20002559,0.666666667
N20002560,0.666666667
N20002561,0.666666667
N20002562,0.666666667
N20002563,0.666666667
N20002564,0.666666667
N20002565,0.666666667
N20002566,0.666666667
N20002567,0.666666667
N20002568,0.666666667
N20002569,0.666666667
N20002570,0.666666667
N20002571,0.666666667
N20002572,0.666666667
N20002573,0.666666667
N20002574,0.666666667
N20002575,0.666666667
N20002576,0.666666667
N20002577,0.66606861
N20002578,0.666666667
N20002579,0.666666667
N20002580,0.664648738
N20002581,0.632531236
N20002582,0.473654966
N20002583,0.638498075
N20002584,0.515780125
N20002585,0.495190576
N20002586,0.536301427
N20002587,0.566104925
N20002588,0.515151515
N20002589,0.51521225
N20002590,0.515151515
N20002591,0.666666667
N20002592,0.515151515
N20002593,0.515151515
N20002594,0.520081023
N20002595,0.666666667
N20002596,0.515151515
N20002597,0.645181646
N20002598,0.515065595
N20002599,0.666666667
N20002600,0.666666667
N20002601,0.515223496
N20002602,0.515151515
N20002603,0.666666667
N20002604,0.515151515
N20002605,0.515151515
N20002606,0.666666667
N20002607,0.666666667
N20002608,0.515151515
N20002609,0.666666667
N20002610,0.666666667
N20002611,0.517689627
N20002612,0.476186399
N20002613,0.618771547
N20002614,0.515151515
N20002615,0.626344086
N20002616,0.515151515
N20002617,0.526907222
N20002618,0.666666667
N20002619,0.511811024
N20002620,0.513708557
N20002621,0.666666667
N20002622,0.511811024
N20002623,0.666666667
N20002624,0.665673966
N20002625,0.513067079
N20002626,0.511811024
N20002627,0.511811024
N20002628,0.519448701
N20002629,0.511833726
N20002630,0.666666667
N20002631,0.511811024
N20002632,0.511811024
N20002633,0.666666667
N20002634,0.65585577
N20002635,0.653843174
N20002636,0.653465347
N20002637,0.653465347
N20002638,0.653461102
N20002639,0.46456881
N20002640,0.444080492
N20002641,0.444680131
N20002642,0.326438712
N20002643,0.419358478
N20002644,0.43902439
N20002645,0.510506287
N20002646,0.321821286
N20002647,0.485323941
N20002648,0.315068493
N20002649,0.319015605
N20002650,0.514725423
N20002651,0.318739998
N20002652,0.315359051
N20002653,0.666666667
N20002654,0.315082045
N20002655,0.63683437
N20002656,0.318622574
N20002657,0.318798051
N20002658,0.477933888
N20002659,0.319444444
N20002660,0.319444444
N20002661,0.3170241
N20002662,0.31764774
N20002663,0.48486868
N20002664,0.405820058
N20002665,0.511811024
N20002666,0.486404466
N20002667,0.371428571
N20002668,0.385169528
N20002669,0.379434988
N20002670,0.371428571
N20002671,0.488855336
N20002672,0.371780914
N20002673,0.371428571
N20002674,0.467936649
N20002675,0.433325418
N20002676,0.413216721
N20002677,0.375013165
N20002678,0.427427029
N20002679,0.382971877
N20002680,0.371428571
N20002681,0.371428571
N20002682,0.371428571
N20002683,0.371428571
N20002684,0.371425719
N20002685,0.246595518
N20002686,0.179487179
N20002687,0.271463787
N20002688,0.319587629
N20002689,0.319587629
N20002690,0.319587608
N20002691,0.663553325
N20002692,0.829694323
N20002693,0.826922717
N20002694,0.752466217
N20002695,0.811160754
N20002696,0.864864865
N20002697,0.864864865
N20002698,0.864864865
N20002699,0.864864865
N20002700,0.864864865
N20002701,0.864864865
N20002702,0.864864865
N20002703,0.864864865
N20002704,0.864864865
N20002705,0.863414194
N20002706,0.864864865
N20002707,0.864864865
N20002708,0.864864865
N20002709,0.864864865
N20002710,0.864864865
N20002711,0.864864865
N20002712,0.864864865
N20002713,0.864864865
N20002714,0.864864865
N20002715,0.864864865
N20002716,0.864647424
N20002717,0.864864865
N20002718,0.864864865
N20002719,0.864864865
N20002720,0.864864865
N20002721,0.864864865
N20002722,0.864864865
N20002723,0.864864865
N20002724,0.864864865
N20002725,0.864864865
N20002726,0.864864865
N20002727,0.864864865
N20002728,0.864864865
N20002729,0.86341993
N20002730,0.864864865
N20002731,0.864770631
N20002732,0.862640678
N20002733,0.864864865
N20002734,0.862559773
N20002735,0.864789199
N20002736,0.862559242
N20002737,0.864807733
N20002738,0.864864865
N20002739,0.435643564
N20002740,0.73859895
N20002741,0.565815324
N20002742,0.683172949
N20002743,0.435643564
N20002744,0.776955771
N20002745,0.570727748
N20002746,0.462011322
N20002747,0.573210296
N20002748,0.435643564
N20002749,0.658536585
N20002750,0.658536585
N20002751,0.435643564
N20002752,0.658536585
N20002753,0.658536585
N20002754,0.435643564
N20002755,0.435643564
N20002756,0.435643564
N20002757,0.463450697
N20002758,0.575195882
N20002759,0.656513926
N20002760,0.503237994
N20002761,0.562941337
N20002762,0.658536585
N20002763,0.619204126
N20002764,0.692063492
N20002765,0.692063492
N20002766,0.692063492
N20002767,0.549046203
N20002768,0.645101617
N20002769,0.692063492
N20002770,0.692063492
N20002771,0.692063492
N20002772,0.692063492
N20002773,0.692063492
N20002774,0.692063492
N20002775,0.692063492
N20002776,0.692063492
N20002777,0.692063492
N20002778,0.692063492
N20002779,0.691576821
N20002780,0.692063492
N20002781,0.692063492
N20002782,0.692063492
N20002783,0.692063492
N20002784,0.692063492
N20002785,0.692063492
N20002786,0.692063492
N20002787,0.692063492
N20002788,0.692063492
N20002789,0.692063492
N20002790,0.692063492
N20002791,0.692063492
N20002792,0.692063492
N20002793,0.692063492
N20002794,0.692063492
N20002795,0.692063492
N20002796,0.692063492
N20002797,0.692063492
N20002798,0.692063492
N20002799,0.692063492
N20002800,0.692063492
N20002801,0.692063492
N20002802,0.671806094
N20002803,0.692063492
N20002804,0.692063492
N20002805,0.692063492
N20002806,0.692063492
N20002807,0.692063492
N20002808,0.692063492
N20002809,0.692061261
N20002810,0.692063492
N20002811,0.692063492
N20002812,0.692063492
N20002813,0.692063492
N20002814,0.692063492
N20002815,0.692063492
N20002816,0.692063492
N20002817,0.692063492
N20002818,0.692063492
N20002819,0.692063492
N20002820,0.692063492
N20002821,0.692063492
N20002822,0.692063492
N20002823,0.692063492
N20002824,0.692063492
N20002825,0.692063492
N20002826,0.692063492
N20002827,0.692063492
N20002828,0.692063492
N20002829,0.692063492
N20002830,0.692063492
N20002831,0.692063492
N20002832,0.692050604
N20002833,0.692063492
N20002834,0.692063492
N20002835,0.692063492
N20002836,0.692063492
N20002837,0.156175106
N20002838,0.447969399
N20002839,0.178822476
N20002840,0.198079113
N20002841,0.048278333
N20002842,0.13161356
N20002843,0.294711007
N20002844,0.239049656
N20002845,0.094572292
N20002846,0.241180969
N20002847,0.103017108
N20002848,0.193105249
N20002849,0.178402935
N20002850,0.25308642
N20002851,0.25308642
N20002852,0.25308642
N20002853,0.370603432
N20002854,0.25308642
N20002855,0.25308642
N20002856,0.25308642
N20002857,0.253621662
N20002858,0.304993861
N20002859,0.253087498
N20002860,0.247405484
N20002861,0.25308642
N20002862,0.035624575
N20002863,0.043509911
N20002864,0.027210714
N20002865,0.000434437
N20002866,0.204497552
N20002867,0.39505284
N20002868,0.056632478
N20002869,0
N20002870,0
N20002871,0.405415566
N20002872,0.088448771
N20002873,0.027210884
N20002874,0.027210884
N20002875,0.027210884
N20002876,0.152944688
N20002877,0.551212153
N20002878,0.027210884
N20002879,0.410751497
N20002880,0.580954568
N20002881,0.601383119
N20002882,0.090982304
N20002883,0.601389361
N20002884,0.601398601
N20002885,0.027210884
N20002886,0.137826752
N20002887,0.128666557
N20002888,0.110227922
N20002889,0.527104684
N20002890,0.027217266
N20002891,0.47507374
N20002892,0.130718954
N20002893,0.130718954
N20002894,0.601398601
N20002895,0.601398601
N20002896,0.601398601
N20002897,0.601398601
N20002898,0.601398601
N20002899,0.601398601
N20002900,0.601398601
N20002901,0.601398601
N20002902,0.601398601
N20002903,0.601398601
N20002904,0.601398601
N20002905,0.601398601
N20002906,0.601398601
N20002907,0.601398601
N20002908,0.601398601
N20002909,0.601398601
N20002910,0.601398601
N20002911,0.190587694
N20002912,0.601398601
N20002913,0.550785856
N20002914,0.544893347
N20002915,0.427043059
N20002916,0.132422697
N20002917,0.130781568
N20002918,0.169358878
N20002919,0.334482357
N20002920,0.248833248
N20002921,0.541935484
N20002922,0.541935484
N20002923,0.541935484
N20002924,0.541935484
N20002925,0.144135004
N20002926,0.208354283
N20002927,0.140201306
N20002928,0.455010458
N20002929,0.19355947
N20002930,0.34914009
N20002931,0.500769896
N20002932,0.542372881
N20002933,0.501588113
N20002934,0.542372881
N20002935,0.542372881
N20002936,0.147215444
N20002937,0.542372881
N20002938,0.542372881
N20002939,0.640625
N20002940,0.542372881
N20002941,0.542372881
N20002942,0.347974898
N20002943,0.542372881
N20002944,0.413045843
N20002945,0.542372881
N20002946,0.542372881
N20002947,0.542372881
N20002948,0.285703673
N20002949,0.542372881
N20002950,0.542372881
N20002951,0.488768687
N20002952,0.630436768
N20002953,0.542372881
N20002954,0.542372881
N20002955,0.542372881
N20002956,0.542372881
N20002957,0.542372881
N20002958,0.542372881
N20002959,0.566519702
N20002960,0.542372881
N20002961,0.542372881
N20002962,0.542372881
N20002963,0.542372881
N20002964,0.542372881
N20002965,0.542372881
N20002966,0.368356538
N20002967,0.451320141
N20002968,0.48754255
N20002969,0.491377618
N20002970,0.392912754
N20002971,0.411756048
N20002972,0.111103324
N20002973,0.442261502
N20002974,0.120539816
N20002975,0.306120978
N20002976,0.306122449
N20002977,0.306122449
N20002978,0.306122449
N20002979,0.442069429
N20002980,0.306122449
N20002981,0.485022515
N20002982,0.306120342
N20002983,0
N20002984,0.279042354
N20002985,0.842915171
N20002986,0.236687689
N20002987,0.32635254
N20002988,0.33174677
N20002989,0.369551299
N20002990,0.111110835
N20002991,0.393939394
N20002992,0.147041219
N20002993,0.482419042
N20002994,0.899011404
N20002995,0.083397683
N20002996,0.690521151
N20002997,0.39193341
N20002998,0.111649767
N20002999,0.370824538
N20003000,0.393939394
N20003001,0.398572397
N20003002,0.875638777
N20003003,0.899828325
N20003004,0.833686959
N20003005,0.899161378
N20003006,0.871289326
N20003007,0.15617441
N20003008,0.9
N20003009,0.899931259
N20003010,0.9
N20003011,0.9
N20003012,0.393939394
N20003013,0.892168624
N20003014,0.163043478
N20003015,0.393929149
N20003016,0.393898444
N20003017,0.393939394
N20003018,0.846443101
N20003019,0.799877529
N20003020,0.867041787
N20003021,0.379737783
N20003022,0.864583333
N20003023,0.851982392
N20003024,0.791283505
N20003025,0.163043478
N20003026,0.864583333
N20003027,0.095238095
N20003028,0.864583333
N20003029,0.864583333
N20003030,0.864583333
N20003031,0.864583333
N20003032,0.233910545
N20003033,0.443851975
N20003034,0.864583333
N20003035,0.858322885
N20003036,0.095238095
N20003037,0.864583333
N20003038,0.864583333
N20003039,0.864549481
N20003040,0.864583333
N20003041,0.684182368
N20003042,0.175349196
N20003043,0.708733113
N20003044,0.864583333
N20003045,0.864583333
N20003046,0.864583333
N20003047,0.864583333
N20003048,0.095238095
N20003049,0.859782714
N20003050,0.351579953
N20003051,0.825999783
N20003052,0.74354604
N20003053,0.38961039
N20003054,0.220626706
N20003055,0.189789576
N20003056,0.225407566
N20003057,0.38961039
N20003058,0.38961039
N20003059,0.389904678
N20003060,0.38961039
N20003061,0.38961039
N20003062,0.389524091
N20003063,0.121839578
N20003064,0.164719517
N20003065,0.161559257
N20003066,0.163043478
N20003067,0.163308667
N20003068,0.068618499
N20003069,0.163383712
N20003070,0.480639271
N20003071,0.094882277
N20003072,0.327345443
N20003073,0.772197946
N20003074,0.441548486
N20003075,0.337762695
N20003076,0.777777778
N20003077,0.389605982
N20003078,0.777777778
N20003079,0.238956546
N20003080,0.729539222
N20003081,0.737473182
N20003082,0.389429519
N20003083,0.680435739
N20003084,0.397014514
N20003085,0.731578947
N20003086,0.368015956
N20003087,0.731578947
N20003088,0.388229231
N20003089,0.530315106
N20003090,0.696428571
N20003091,0.731578947
N20003092,0.255680954
N20003093,0.497544396
N20003094,0.411002442
N20003095,0.251814753
N20003096,0.666494485
N20003097,0.731578947
N20003098,0.731578947
N20003099,0.726837822
N20003100,0.239489723
N20003101,0.566309451
N20003102,0.263129263
N20003103,0.106183725
N20003104,0.009809598
N20003105,0.182067557
N20003106,0
N20003107,0.006505086
N20003108,0.110878407
N20003109,0.260869565
N20003110,0.23864591
N20003111,0.260869565
N20003112,0
N20003113,0.237296903
N20003114,0.08978075
N20003115,0.260869565
N20003116,0.260869565
N20003117,0.021168413
N20003118,0.260869565
N20003119,0.056818182
N20003120,0.260869565
N20003121,0.037071099
N20003122,0.260869565
N20003123,0.151445434
N20003124,0.260869565
N20003125,0.066023308
N20003126,0.036451217
N20003127,0.036875291
N20003128,0.130584094
N20003129,0.258897708
N20003130,0.04389402
N20003131,0.20091515
N20003132,0.220910624
N20003133,0.196785873
N20003134,0
N20003135,0.091755799
N20003136,0
N20003137,0.220910624
N20003138,0.031539561
N20003139,0.260517169
N20003140,0.220910624
N20003141,0.217327678
N20003142,0.126115595
N20003143,0
N20003144,0.220910624
N20003145,0.001684109
N20003146,0.220910624
N20003147,0.220910624
N20003148,0.220816695
N20003149,0.071856213
N20003150,0.220910624
N20003151,0.220910624
N20003152,0.220910624
N20003153,0.220910624
N20003154,0.379204456
N20003155,0.379310345
N20003156,0.379310345
N20003157,0.227398342
N20003158,0.375745768
N20003159,0
N20003160,0.379310345
N20003161,0.30586503
N20003162,0.004463179
N20003163,0.379310345
N20003164,0.002718847
N20003165,0.379310345
N20003166,0.053212456
N20003167,0.375791489
N20003168,0.379310345
N20003169,0.379310345
N20003170,0.379310345
N20003171,0.343014861
N20003172,0.379310345
N20003173,0.229614008
N20003174,0.376445367
N20003175,0.379310345
N20003176,0.314565861
N20003177,0.260869565
N20003178,0.379310345
N20003179,0.379310345
N20003180,0.379310345
N20003181,0.379310345
N20003182,0.067182529
N20003183,0.278906265
N20003184,0.379310345
N20003185,0.379310345
N20003186,0.340677015
N20003187,0.379310345
N20003188,0.225387306
N20003189,0.379310345
N20003190,0.345989826
N20003191,0.016448865
N20003192,0.371683189
N20003193,0.30628702
N20003194,0.000614314
N20003195,0.013331189
N20003196,0
N20003197,0.379307447
N20003198,0.167609459
N20003199,0.160442232
N20003200,0.233760149
N20003201,0.260869565
N20003202,0.244548834
N20003203,0.260869565
N20003204,0.148049801
N20003205,0.066316292
N20003206,0.260412524
N20003207,0.220185624
N20003208,0.30390544
N20003209,0.168378943
N20003210,0.250996697
N20003211,0.379310345
N20003212,0.288970101
N20003213,0.080693621
N20003214,0.242336674
N20003215,0.378690849
N20003216,0.127395472
N20003217,0.010362694
N20003218,0.010362694
N20003219,0.061138052
N20003220,0.010362694
N20003221,0.092721352
N20003222,0.335009113
N20003223,0.379310345
N20003224,0.379310345
N20003225,0.084689724
N20003226,0.141644923
N20003227,0.267878847
N20003228,0.377107217
N20003229,0.287778315
N20003230,0.152747975
N20003231,0.092485549
N20003232,0.112199596
N20003233,0.187370534
N20003234,0.092485549
N20003235,0.121654016
N20003236,0.178628303
N20003237,0.132627607
N20003238,0.181837951
N20003239,0.184210526
N20003240,0.173482852
N20003241,0.184210526
N20003242,0.184210526
N20003243,0.184203517
N20003244,0.184210526
N20003245,0.184210526
N20003246,0.184210526
N20003247,0.184210526
N20003248,0.184210526
N20003249,0.184210526
N20003250,0.168335091
N20003251,0.184210526
N20003252,0.184210526
N20003253,0.184210526
N20003254,0.184210526
N20003255,0.184210526
N20003256,0.184210526
N20003257,0.064354746
N20003258,0.148347179
N20003259,0.444397131
N20003260,0.064356436
N20003261,0.019454919
N20003262,0.534482759
N20003263,0.534482759
N20003264,0.534482759
N20003265,0.534482759
N20003266,0.534211821
N20003267,0.534482759
N20003268,0.534482759
N20003269,0.534482759
N20003270,0.532880693
N20003271,0.167017418
N20003272,0.211606966
N20003273,0.073613806
N20003274,0.091642317
N20003275,0.121231581
N20003276,0.075011077
N20003277,0.064356436
N20003278,0.064356436
N20003279,0.064356436
N20003280,0.052362505
N20003281,0.167778976
N20003282,0.192529902
N20003283,0.193154034
N20003284,0.193154034
N20003285,0.193154034
N20003286,0.193154034
N20003287,0.193154034
N20003288,0.193154034
N20003289,0.193154034
N20003290,0.193154034
N20003291,0.193075541
N20003292,0.193154034
N20003293,0.193154034
N20003294,0.193154034
N20003295,0.184324252
N20003296,0.193154034
N20003297,0.193154034
N20003298,0.193154034
N20003299,0.193154034
N20003300,0.193154034
N20003301,0.193154034
N20003302,0.193154034
N20003303,0.193154034
N20003304,0.193154034
N20003305,0.193154034
N20003306,0.193154034
N20003307,0.193154034
N20003308,0.193154034
N20003309,0.193154034
N20003310,0.193154034
N20003311,0.075880799
N20003312,0.075862069
N20003313,0.411860674
N20003314,0.07586541
N20003315,0.075862069
N20003316,0.101202026
N20003317,0.140344279
N20003318,0.077164372
N20003319,0.491172048
N20003320,0.118397401
N20003321,0.380617595
N20003322,0.032200489
N20003323,0.018155193
N20003324,0.476100675
N20003325,0.349198972
N20003326,0.488599232
N20003327,0.019269254
N20003328,0.372147523
N20003329,0.515748031
N20003330,0.422790843
N20003331,0.017859097
N20003332,0.028169014
N20003333,0.22933
N20003334,0.028169014
N20003335,0.39909675
N20003336,0.019740202
N20003337,0.186468599
N20003338,0.028169014
N20003339,0.028169014
N20003340,0.028169014
N20003341,0.028169014
N20003342,0.028169014
N20003343,0.284541216
N20003344,0.028169014
N20003345,0.028169014
N20003346,0.028169014
N20003347,0.437541421
N20003348,0.396449704
N20003349,0.396449704
N20003350,0.396449704
N20003351,0.396449704
N20003352,0.54319772
N20003353,0.396449704
N20003354,0.396449704
N20003355,0.396449704
N20003356,0.441566096
N20003357,0.478331041
N20003358,0.657687623
N20003359,0.622829551
N20003360,0.345192386
N20003361,0.431800655
N20003362,0.083441708
N20003363,0.426165703
N20003364,0.664359862
N20003365,0.652276914
N20003366,0.075862069
N20003367,0.075862069
N20003368,0.664359862
N20003369,0.075862069
N20003370,0.075862069
N20003371,0.66435048
N20003372,0.664359862
N20003373,0.075862069
N20003374,0.075862069
N20003375,0.664359862
N20003376,0.664359862
N20003377,0.664359862
N20003378,0.075862069
N20003379,0.075862069
N20003380,0.075862069
N20003381,0.664359862
N20003382,0.075862069
N20003383,0.481738388
N20003384,0.476274133
N20003385,0.075862069
N20003386,0.664359862
N20003387,0.537858405
N20003388,0.475555556
N20003389,0.075862069
N20003390,0.475555556
N20003391,0.381818182
N20003392,0.376319407
N20003393,0.362470131
N20003394,0.310002544
N20003395,0.365265752
N20003396,0.404178265
N20003397,0.34863507
N20003398,0.351105332
N20003399,0.323561147
N20003400,0.284482759
N20003401,0.351105332
N20003402,0.333378719
N20003403,0.351105332
N20003404,0.351105332
N20003405,0.345648989
N20003406,0.351105332
N20003407,0.351105332
N20003408,0.351105332
N20003409,0.351105332
N20003410,0.351105332
N20003411,0.351105332
N20003412,0.351105332
N20003413,0.351105332
N20003414,0.355057526
N20003415,0.351105332
N20003416,0.351105332
N20003417,0.351105332
N20003418,0.351105332
N20003419,0.351105332
N20003420,0.388508736
N20003421,0.351105332
N20003422,0.368268119
N20003423,0.433195699
N20003424,0.490199242
N20003425,0.68627451
N20003426,0.68627451
N20003427,0.68627451
N20003428,0.68627451
N20003429,0.427731363
N20003430,0.412280702
N20003431,0.412280702
N20003432,0.522857143
N20003433,0.528856366
N20003434,0.522857143
N20003435,0.522857143
N20003436,0.522857143
N20003437,0.522857143
N20003438,0.522857143
N20003439,0.522857143
N20003440,0.522857143
N20003441,0.522857143
N20003442,0.522857143
N20003443,0.522857143
N20003444,0.522857143
N20003445,0.522857143
N20003446,0.522857143
N20003447,0.522857143
N20003448,0.522857143
N20003449,0.522857143
N20003450,0.522857143
N20003451,0.522857143
N20003452,0.522857143
N20003453,0.522857143
N20003454,0.522857143
N20003455,0.522857143
N20003456,0.522857143
N20003457,0.553422019
N20003458,0.532617184
N20003459,0.588796091
N20003460,0.553099217
N20003461,0.530364698
N20003462,0.522857143
N20003463,0.522857143
N20003464,0.522857143
N20003465,0.522857143
N20003466,0.522857143
N20003467,0.563384663
N20003468,0.542373965
N20003469,0.579444924
N20003470,0.595810429
N20003471,0.57704775
N20003472,0.58125
N20003473,0.581258204
N20003474,0.623491401
N20003475,0.623492086
N20003476,0.623493976
N20003477,0.623493976
N20003478,0.623493976
N20003479,0.623493976
N20003480,0.623493976
N20003481,0.623493976
N20003482,0.623493976
N20003483,0.623493976
N20003484,0.623493976
N20003485,0.623493976
N20003486,0.623493976
N20003487,0.623493976
N20003488,0.623493976
N20003489,0.623493976
N20003490,0.623493976
N20003491,0.623493976
N20003492,0.623493976
N20003493,0.623493976
N20003494,0.623493976
N20003495,0.623493976
N20003496,0.623493976
N20003497,0.623493976
N20003498,0.623493976
N20003499,0.623493976
N20003500,0.623493976
N20003501,0.623493976
N20003502,0.623493976
N20003503,0.623493976
N20003504,0.623493976
N20003505,0.623493976
N20003506,0.623493976
N20003507,0.623493976
N20003508,0.623493976
N20003509,0.623493976
N20003510,0.623493976
N20003511,0.623493976
N20003512,0.623493976
N20003513,0.623493976
N20003514,0.623493976
N20003515,0.623493976
N20003516,0.623493976
N20003517,0.623493976
N20003518,0.623493976
N20003519,0.623493976
N20003520,0.623493976
N20003521,0.623493976
N20003522,0.623493976
N20003523,0.616670786
N20003524,0.623493976
N20003525,0.623493976
N20003526,0.623493976
N20003527,0.623493976
N20003528,0.623493976
N20003529,0.623493976
N20003530,0.623493976
N20003531,0.623493976
N20003532,0.623446825
N20003533,0.623493976
N20003534,0.623493976
N20003535,0.57698003
N20003536,0.609529899
N20003537,0.575045208
N20003538,0.575045208
N20003539,0.615921191
N20003540,0.575045208
N20003541,0.575045208
N20003542,0.575045208
N20003543,0.575045208
N20003544,0.681398032
N20003545,0.700680272
N20003546,0.575045208
N20003547,0.58224827
N20003548,0.700680272
N20003549,0.700680272
N20003550,0.700680272
N20003551,0.700680272
N20003552,0.700680272
N20003553,0.700680272
N20003554,0.575045208
N20003555,0.700680272
N20003556,0.575045208
N20003557,0.575045208
N20003558,0.700680272
N20003559,0.700680272
N20003560,0.700680272
N20003561,0.700680272
N20003562,0.575045208
N20003563,0.700680272
N20003564,0.700680272
N20003565,0.700680272
N20003566,0.700680272
N20003567,0.700680272
N20003568,0.575045208
N20003569,0.612984361
N20003570,0.700680272
N20003571,0.700680272
N20003572,0.575045208
N20003573,0.700680272
N20003574,0.700680272
N20003575,0.700680272
N20003576,0.700680272
N20003577,0.700680272
N20003578,0.575045208
N20003579,0.575045208
N20003580,0.575045208
N20003581,0.575045208
N20003582,0.575045208
N20003583,0.575045208
N20003584,0.575045208
N20003585,0.575045208
N20003586,0.575045208
N20003587,0.575045208
N20003588,0.575045208
N20003589,0.575045208
N20003590,0.575045208
N20003591,0.575045208
N20003592,0.575045208
N20003593,0.575045208
N20003594,0.575045208
N20003595,0.575045208
N20003596,0.575045208
N20003597,0.575045208
N20003598,0.575045208
N20003599,0.575045208
N20003600,0.575045208
N20003601,0.575045208
N20003602,0.575045208
N20003603,0.575045208
N20003604,0.575045208
N20003605,0.575045208
N20003606,0.575045208
N20003607,0.575045208
N20003608,0.575045208
N20003609,0.575045208
N20003610,0.575045208
N20003611,0.575045208
N20003612,0.575045208
N20003613,0.575045208
N20003614,0.575045208
N20003615,0.575045208
N20003616,0.575045208
N20003617,0.575045208
N20003618,0.575045208
N20003619,0.575045208
N20003620,0.575045208
N20003621,0.575045208
N20003622,0.575045208
N20003623,0.575045208
N20003624,0.575045208
N20003625,0.575045208
N20003626,0.575045208
N20003627,0.575045208
N20003628,0.575045208
N20003629,0.575045208
N20003630,0.575045208
N20003631,0.575045208
N20003632,0.575045208
N20003633,0.575045208
N20003634,0.575045208
N20003635,0.575045208
N20003636,0.575045208
N20003637,0.575045208
N20003638,0.575045208
N20003639,0.575045208
N20003640,0.575045208
N20003641,0.575045208
N20003642,0.575045208
N20003643,0.575045208
N20003644,0.575045208
N20003645,0.575045208
N20003646,0.575045208
N20003647,0.575045208
N20003648,0.575045208
N20003649,0.575045208
N20003650,0.575045208
N20003651,0.575045208
N20003652,0.575045208
N20003653,0.575045208
N20003654,0.575045208
N20003655,0.575045208
N20003656,0.575045208
N20003657,0.575045208
N20003658,0.575045208
N20003659,0.575045208
N20003660,0.575045208
N20003661,0.575045208
N20003662,0.575045208
N20003663,0.575045208
N20003664,0.575045208
N20003665,0.575045208
N20003666,0.575045208
N20003667,0.575045208
N20003668,0.575045208
N20003669,0.575045208
N20003670,0.575045208
N20003671,0.575045208
N20003672,0.575045208
N20003673,0.575045208
N20003674,0.575045208
N20003675,0.575045208
N20003676,0.575045208
N20003677,0.575045208
N20003678,0.59430238
N20003679,0.575045208
N20003680,0.575045208
N20003681,0.575045208
N20003682,0.575045208
N20003683,0.575045208
N20003684,0.575045208
N20003685,0.58293576
N20003686,0.575045208
N20003687,0.575045208
N20003688,0.600460359
N20003689,0.575045208
N20003690,0.575045208
N20003691,0.575045208
N20003692,0.575045208
N20003693,0.624378109
N20003694,0.575045208
N20003695,0.575045208
N20003696,0.575045208
N20003697,0.575045208
N20003698,0.575045208
N20003699,0.575045208
N20003700,0.624378109
N20003701,0.575045208
N20003702,0.575045208
N20003703,0.575045208
N20003704,0.624378109
N20003705,0.575045208
N20003706,0.575045208
N20003707,0.624378109
N20003708,0.575045208
N20003709,0.575045208
N20003710,0.575045208
N20003711,0.624378109
N20003712,0.575045208
N20003713,0.624378109
N20003714,0.575045208
N20003715,0.624378109
N20003716,0.575045208
N20003717,0.575045208
N20003718,0.624378109
N20003719,0.575045208
N20003720,0.624378109
N20003721,0.577198779
N20003722,0.624378109
N20003723,0.624378109
N20003724,0.624378109
N20003725,0.624378109
N20003726,0.617145173
N20003727,0.624378109
N20003728,0.624378109
N20003729,0.624378109
N20003730,0.624346985
N20003731,0.602828803
N20003732,0.624378109
N20003733,0.624378109
N20003734,0.624378109
N20003735,0.624378109
N20003736,0.624378109
N20003737,0.62328397
N20003738,0.623493976
N20003739,0.623493976
N20003740,0.621551813
N20003741,0.623109247
N20003742,0.624378109
N20003743,0.662563104
N20003744,0.616337823
N20003745,0.634547132
N20003746,0.599941852
N20003747,0.657150304
N20003748,0.695652174
N20003749,0.695652174
N20003750,0.695652174
N20003751,0.695652174
N20003752,0.598425197
N20003753,0.695652174
N20003754,0.598425567
N20003755,0.643382546
N20003756,0.615384615
N20003757,0.634408602
N20003758,0.634408602
N20003759,0.615384615
N20003760,0.615384615
N20003761,0.61494731
N20003762,0.634408602
N20003763,0.526570677
N20003764,0.634408602
N20003765,0.634408602
N20003766,0.634408602
N20003767,0.474973305
N20003768,0.611464376
N20003769,0.362903226
N20003770,0.362903226
N20003771,0.402443172
N20003772,0.532201666
N20003773,0.482732057
N20003774,0.602737014
N20003775,0.646593763
N20003776,0.650664707
N20003777,0.650684932
N20003778,0.617107969
N20003779,0.650684932
N20003780,0.615532802